Index,Customer Id,First Name,Last Name
1,DD37Cf93aecA6Dc,Sheryl,Baxter
2,1Ef7b82A4CAAD10,Preston,Lozano
3,6F94879bDAfE5a6,Roy,Berry
4,5Cef8BFA16c5e3c,Linda,Olsen
5,053d585Ab6b3159,Joanna,Bender
6,2d08FB17EE273F4,Aimee,Downs
7,EA4d384DfDbBf77,Darren,Peck
8,0e04AFde9f225dE,Brett,Mullen
9,C2dE4dEEc489ae0,Sheryl,Meyers
10,8C2811a503C7c5a,Michelle,Gallagher
11,216E205d6eBb815,Carl,Schroeder
12,CEDec94deE6d69B,Jenna,Dodson
13,e35426EbDEceaFF,Tracey,Mata
14,A08A8aF8BE9FaD4,Kristine,Cox
15,6fEaA1b7cab7B6C,Faith,Lutz
16,8cad0b4CBceaeec,Miranda,Beasley
17,a5DC21AE3a21eaA,Caroline,Foley
18,F8Aa9d6DfcBeeF8,Greg,Mata
19,F160f5Db3EfE973,Clifford,Jacobson
20,0F60FF3DdCd7aB0,Joanna,Kirk
21,9F9AdB7B8A6f7F2,Maxwell,Frye
22,FBd0Ded4F02a742,Kiara,Houston
23,2FB0FAA1d429421,Colleen,Howard
24,010468dAA11382c,Janet,Valenzuela
25,eC1927Ca84E033e,Shane,Wilcox
26,09D7D7C8Fe09aea,Marcus,Moody
27,aBdfcF2c50b0bfD,Dakota,Poole
28,b92EBfdF8a3f0E6,Frederick,Harper
29,3B5dAAFA41AFa22,Stefanie,Fitzpatrick
30,EDA69ca7a6e96a2,Kent,Bradshaw
31,64DCcDFaB9DFd4e,Jack,Tate
32,679c6c83DD872d6,Tom,Trujillo
33,7Ce381e4Afa4ba9,Gabriel,Mejia
34,A09AEc6E3bF70eE,Kaitlyn,Santana
35,aA9BAFfBc3710fe,Faith,Moon
36,E11dfb2DB8C9f72,Tammie,Haley
37,889eCf90f68c5Da,Nicholas,Sosa
38,7a1Ee69F4fF4B4D,Jordan,Gay
39,dca4f1D0A0fc5c9,Bruce,Esparza
40,17aD8e2dB3df03D,Sherry,Garza
41,2f79Cd309624Abb,Natalie,Gentry
42,6e5ad5a5e2bB5Ca,Bryan,Dunn
43,7E441b6B228DBcA,Wayne,Simpson
44,D3fC11A9C235Dc6,Luis,Greer
45,30Dfa48fe5Ede78,Rhonda,Frost
46,fD780ED8dbEae7B,Joanne,Montes
47,300A40d3ce24bBA,Geoffrey,Guzman
48,283DFCD0Dba40aF,Gloria,Mccall
49,F4Fc91fEAEad286,Brady,Cohen
50,80F33Fd2AcebF05,Latoya,Mccann
51,Aa20BDe68eAb0e9,Gerald,Hawkins
52,e898eEB1B9FE22b,Samuel,Crawford
53,faCEF517ae7D8eB,Patricia,Goodwin
54,c09952De6Cda8aA,Stacie,Richard
55,f3BEf3Be028166f,Robin,West
56,C6F2Fc6a7948a4e,Ralph,Haas
57,c8FE57cBBdCDcb2,Phyllis,Maldonado
58,B5acdFC982124F2,Danny,Parrish
59,8c7DdF10798bCC3,Kathy,Hill
60,C681dDd0cc422f7,Kelli,Hardy
61,a940cE42e035F28,Lynn,Pham
62,9Cf5E6AFE0aeBfd,Shelley,Harris
63,aEcbe5365BbC67D,Eddie,Jimenez
64,FCBdfCEAe20A8Dc,Chloe,Hutchinson
65,636cBF0835E10ff,Eileen,Lynch
66,fF1b6c9E8Fbf1ff,Fernando,Lambert
67,2A13F74EAa7DA6c,Makayla,Cannon
68,a014Ec1b9FccC1E,Tom,Alvarado
69,421a109cABDf5fa,Virginia,Dudley
70,CC68FD1D3Bbbf22,Riley,Good
71,CBCd2Ac8E3eBDF9,Alexandria,Buck
72,Ef859092FbEcC07,Richard,Roth
73,F560f2d3cDFb618,Candice,Keller
74,A3F76Be153Df4a3,Anita,Benson
75,D01Af0AF7cBbFeA,Regina,Stein
76,d40e89dCade7b2F,Debra,Riddle
77,BF6a1f9bd1bf8DE,Brittany,Zuniga
78,FfaeFFbbbf280db,Cassidy,Mcmahon
79,CbAE1d1e9a8dCb1,Laurie,Pennington
80,A7F85c1DE4dB87f,Alejandro,Blair
81,D6CEAfb3BDbaa1A,Leslie,Jennings
82,Ebdb6F6F7c90b69,Kathleen,Mckay
83,E8E7e8Cfe516ef0,Hunter,Moreno
84,78C06E9b6B3DF20,Chad,Davidson
85,03A1E62ADdeb31c,Corey,Holt
86,C6763c99d0bd16D,Emma,Cunningham
87,ebe77E5Bf9476CE,Duane,Woods
88,E4Bbcd8AD81fC5f,Alison,Vargas
89,efeb73245CDf1fF,Vernon,Kane
90,37Ec4B395641c1E,Lori,Flowers
91,5ef6d3eefdD43bE,Nina,Chavez
92,98b3aeDcC3B9FF3,Shane,Foley
93,aAb6AFc7AfD0fF3,Collin,Ayers
94,54B5B5Fe9F1B6C5,Sherry,Young
95,BE91A0bdcA49Bbc,Darrell,Douglas
96,cb8E23e48d22Eae,Karl,Greer
97,CeD220bdAaCfaDf,Lynn,Atkinson
98,28CDbC0dFe4b1Db,Fred,Guerra
99,c23d1D9EE8DEB0A,Yvonne,Farmer
100,2354a0E336A91A1,Clarence,Haynes
